{"cameraMode":{"drawMode":0,"name":"Shaded","section":"Shading Mode"},"sceneLighting":false,"audioPlay":false,"sceneViewState":{"showFog":false,"showMaterialUpdate":false,"showSkybox":false,"showFlares":false,"showImageEffects":false,"showParticleSystems":false},"in2DMode":false,"pivot":{"x":-0.0006694793701171875,"y":0.04304811358451843,"z":0.007712513208389282},"rotation":{"x":0.013472603633999825,"y":0.9853788018226624,"z":-0.09370456635951996,"w":0.14167632162570954},"size":0.2558518350124359,"orthographic":false}