{"cameraMode":{"drawMode":0,"name":"Shaded","section":"Shading Mode"},"sceneLighting":true,"audioPlay":false,"sceneViewState":{"showFog":false,"showMaterialUpdate":false,"showSkybox":false,"showFlares":false,"showImageEffects":false,"showParticleSystems":false},"in2DMode":false,"pivot":{"x":-3.0074429512023927,"y":1.3215699195861817,"z":-2.0255699157714845},"rotation":{"x":-0.07915085554122925,"y":-0.8755640983581543,"z":-0.1536283940076828,"w":0.4511567950248718},"size":2.3350186347961427,"orthographic":false}