{"cameraMode":{"drawMode":0,"name":"Shaded","section":"Shading Mode"},"sceneLighting":false,"audioPlay":false,"sceneViewState":{"showFog":false,"showMaterialUpdate":false,"showSkybox":false,"showFlares":false,"showImageEffects":false,"showParticleSystems":false},"in2DMode":false,"pivot":{"x":1.4901161193847657e-8,"y":0.10069139301776886,"z":0.0},"rotation":{"x":-0.07915085554122925,"y":-0.8755640983581543,"z":-0.1536283940076828,"w":0.4511567950248718},"size":0.2558518052101135,"orthographic":false}