{"cameraMode":{"drawMode":0,"name":"Shaded","section":"Shading Mode"},"sceneLighting":true,"audioPlay":false,"sceneViewState":{"showFog":false,"showMaterialUpdate":false,"showSkybox":false,"showFlares":false,"showImageEffects":false,"showParticleSystems":false},"in2DMode":false,"pivot":{"x":5.819064140319824,"y":0.45245659351348879,"z":-1.2452336549758912},"rotation":{"x":-0.06746509671211243,"y":-0.7624014019966126,"z":0.08061185479164124,"w":-0.6385357975959778},"size":3.9999964237213136,"orthographic":false}